Page URL,Page Title,ILR,Raw ILR,Unique Pageviews,Crawl Depth,HTTP Status Code,"Page (HTML) Load Time, sec",Schema.org (Microdata),Schema.org (JSON-LD),Open Graph,Twitter Cards,Microformats,Canonicalization,In sitemap,Incoming Internal Links,Outgoing Internal Links,Outgoing External Links,AMP link,Hreflang Links,Hreflang Issues,JS and CSS Number,"JS and CSS Size, KB",Issues,Description,Blocked AI search bots
https://venqore.com,VenQore — Offline-First POS & ERP with Verified Double-Entry Accounting,11,0.01805705083496471,n/a,1,200,0.386,0,1,1,1,0,Self-canonical,1,1,13,0,0,-,-,3,41,4,"venqore is the point of sale that keeps real books. offline-first pos + full erp where every sale, purchase and return writes a balanced double-entry journal — verified by 636 automated tests. try the live demo, no signup.",
https://venqore.com/,VenQore — Offline-First POS & ERP with Verified Double-Entry Accounting,78,0.023060119868712686,n/a,0,200,0.695,0,1,1,1,0,Self-canonical,0,7,13,0,0,-,-,3,41,4,"venqore is the point of sale that keeps real books. offline-first pos + full erp where every sale, purchase and return writes a balanced double-entry journal — verified by 636 automated tests. try the live demo, no signup.",
https://venqore.com/about,About VenQore — Why We Built the POS That Keeps Real Books,100,0.023131404986193534,n/a,1,200,0.346,0,1,1,1,0,Self-canonical,1,8,0,0,0,-,-,3,41,3,"venqore exists because small retailers deserve books they can bet on. the story, the engineering standard (636 automated tests), and the team behind the retail operating system.",
https://venqore.com/blog,"VenQore Blog — Retail Operations, POS & Accounting Guides",100,0.023131404986193534,n/a,1,200,0.338,0,1,1,1,0,Self-canonical,1,8,0,0,0,-,-,3,41,3,"practical guides on point of sale, inventory control, fifo costing, double-entry accounting for shopkeepers, and growing a retail business.",
https://venqore.com/contact,"Contact VenQore — Sales, Support & Partnerships",100,0.023131404986193534,n/a,1,200,0.377,0,1,1,1,0,Self-canonical,1,8,0,0,0,-,-,3,41,3,"talk to the venqore team about your store, migration from another pos, partnerships, or support. we reply within one business day.",
https://venqore.com/demo,"VenQore Live Demo — Explore a Real Store, No Signup Required",89,0.023066975725320904,n/a,1,200,0.411,0,1,1,1,0,Self-canonical,1,7,14,0,0,-,-,3,41,2,"walk into a fully loaded venqore store: run the pos, post sales, open the p&l, check inventory. real product, real data, zero signup. resets daily.",
https://venqore.com/features,VenQore Features — 226+ POS & ERP Capabilities on One Verified Ledger,78,0.023060119868712686,n/a,1,200,0.368,0,1,1,1,0,Self-canonical,1,7,13,0,0,-,-,3,41,2,"every venqore feature, from offline pos checkout and fifo inventory to double-entry accounting, 40+ reports, multi-store, staff roles, loyalty, and woocommerce sync.",
https://venqore.com/llms.txt,,-,-,n/a,0,200,0.268,0,0,0,0,0,-,0,0,-,-,0,-,-,-,-,0,-,
https://venqore.com/pricing,"VenQore Pricing — Starter $36, Growth $63, Enterprise $129/month | 14-Day Free Trial",89,0.023066975725320904,n/a,1,200,0.775,0,1,1,1,0,Self-canonical,1,7,14,0,0,-,-,3,41,3,"simple pos + erp pricing: starter $36/mo, growth $63/mo, enterprise $129/mo (pakistan: rs 1,100 / 1,800 / 5,300). every plan includes the verified double-entry engine and profit & loss. 14-day free trial, no credit card.",
https://venqore.com/privacy,Privacy Policy — VenQore,100,0.023131404986193534,n/a,1,200,0.385,0,1,1,1,0,Self-canonical,1,8,0,0,0,-,-,3,41,3,"how venqore collects, uses and protects your data. your business data belongs to you.",
https://venqore.com/refund-policy,Refund Policy — VenQore,100,0.023131404986193534,n/a,1,200,0.376,0,1,1,1,0,Self-canonical,1,8,0,0,0,-,-,3,41,3,"venqore refund terms for subscriptions and lifetime deals — plain language, no surprises.",
https://venqore.com/register,VenQore POS,33,0.018889074658291392,n/a,2,200,0.454,0,0,0,0,0,-,0,2,0,0,0,-,-,3,41,5,-,
https://venqore.com/robots.txt,,-,-,n/a,0,200,0.03,0,0,0,0,0,-,0,0,-,-,0,-,-,-,-,0,-,n/a
https://venqore.com/sitemap.xml,,-,-,n/a,0,200,0.841,0,0,0,0,0,-,0,0,-,-,0,-,-,-,-,2,-,
https://venqore.com/smartcapture,"SmartCapture — Turn Paper Invoices, Photos & Voice Notes into Digital Records",78,0.023060119868712686,n/a,1,200,0.387,0,1,1,1,0,Self-canonical,1,7,13,0,0,-,-,3,41,3,"smartcapture converts a photo of a supplier invoice or a spoken voice note into a structured digital transaction inside venqore — items matched, prices filled, ledger-ready. coming soon; join the waitlist.",
https://venqore.com/subscribe,VenQore Newsletter — Product Launches & Retail Playbooks,100,0.023131404986193534,n/a,1,200,0.38,0,1,1,1,0,Self-canonical,1,8,0,0,0,-,-,3,41,3,"get notified when new venqore capabilities launch (vensynq marketplace sync, smartcapture scan-to-invoice) plus practical playbooks for running a tighter retail operation.",
https://venqore.com/terms,Terms of Service — VenQore,100,0.023131404986193534,n/a,1,200,0.392,0,1,1,1,0,Self-canonical,1,8,0,0,0,-,-,3,41,3,"the terms that govern your use of venqore, the offline-first pos and erp platform.",
https://venqore.com/vensynq,"VenSynQ — Sync Your POS Inventory with WooCommerce, Amazon, eBay & TikTok Shop",78,0.023060119868712686,n/a,1,200,0.36,0,1,1,1,0,Self-canonical,1,7,13,0,0,-,-,3,41,3,"vensynq is venqore's multi-channel e-commerce sync engine: one inventory, one ledger, every marketplace. woocommerce sync is live; amazon, ebay and tiktok shop are coming soon — join the waitlist.",
https://www.venqore.com/,VenQore — Offline-First POS & ERP with Verified Double-Entry Accounting,44,0.021207230710405773,n/a,0,200,1.297,0,1,1,1,0,Canonical to other page,0,5,13,0,0,-,-,3,41,4,"venqore is the point of sale that keeps real books. offline-first pos + full erp where every sale, purchase and return writes a balanced double-entry journal — verified by 636 automated tests. try the live demo, no signup.",
https://www.venqore.com/about,About VenQore — Why We Built the POS That Keeps Real Books,67,0.022022902235025656,n/a,1,200,0.409,0,1,1,1,0,Canonical to other page,0,6,0,0,0,-,-,3,41,3,"venqore exists because small retailers deserve books they can bet on. the story, the engineering standard (636 automated tests), and the team behind the retail operating system.",
https://www.venqore.com/blog,"VenQore Blog — Retail Operations, POS & Accounting Guides",67,0.022022902235025656,n/a,1,200,0.421,0,1,1,1,0,Canonical to other page,0,6,0,0,0,-,-,3,41,3,"practical guides on point of sale, inventory control, fifo costing, double-entry accounting for shopkeepers, and growing a retail business.",
https://www.venqore.com/contact,"Contact VenQore — Sales, Support & Partnerships",67,0.022022902235025656,n/a,1,200,0.398,0,1,1,1,0,Canonical to other page,0,6,0,0,0,-,-,3,41,3,"talk to the venqore team about your store, migration from another pos, partnerships, or support. we reply within one business day.",
https://www.venqore.com/demo,"VenQore Live Demo — Explore a Real Store, No Signup Required",56,0.021263483821925007,n/a,1,200,1.266,0,1,1,1,0,Canonical to other page,0,5,14,0,0,-,-,3,41,2,"walk into a fully loaded venqore store: run the pos, post sales, open the p&l, check inventory. real product, real data, zero signup. resets daily.",
https://www.venqore.com/features,VenQore Features — 226+ POS & ERP Capabilities on One Verified Ledger,44,0.021207230710405773,n/a,1,200,0.403,0,1,1,1,0,Canonical to other page,0,5,13,0,0,-,-,3,41,2,"every venqore feature, from offline pos checkout and fifo inventory to double-entry accounting, 40+ reports, multi-store, staff roles, loyalty, and woocommerce sync.",
https://www.venqore.com/pricing,"VenQore Pricing — Starter $36, Growth $63, Enterprise $129/month | 14-Day Free Trial",56,0.021263483821925007,n/a,1,200,0.841,0,1,1,1,0,Canonical to other page,0,5,14,0,0,-,-,3,41,3,"simple pos + erp pricing: starter $36/mo, growth $63/mo, enterprise $129/mo (pakistan: rs 1,100 / 1,800 / 5,300). every plan includes the verified double-entry engine and profit & loss. 14-day free trial, no credit card.",
https://www.venqore.com/privacy,Privacy Policy — VenQore,67,0.022022902235025656,n/a,1,200,0.442,0,1,1,1,0,Canonical to other page,0,6,0,0,0,-,-,3,41,3,"how venqore collects, uses and protects your data. your business data belongs to you.",
https://www.venqore.com/refund-policy,Refund Policy — VenQore,67,0.022022902235025656,n/a,1,200,0.415,0,1,1,1,0,Canonical to other page,0,6,0,0,0,-,-,3,41,3,"venqore refund terms for subscriptions and lifetime deals — plain language, no surprises.",
https://www.venqore.com/register,VenQore POS,22,0.01876021613654613,n/a,2,200,1.246,0,0,0,0,0,-,0,2,0,0,0,-,-,3,41,5,-,
https://www.venqore.com/smartcapture,"SmartCapture — Turn Paper Invoices, Photos & Voice Notes into Digital Records",44,0.021207230710405773,n/a,1,200,0.466,0,1,1,1,0,Canonical to other page,0,5,13,0,0,-,-,3,41,3,"smartcapture converts a photo of a supplier invoice or a spoken voice note into a structured digital transaction inside venqore — items matched, prices filled, ledger-ready. coming soon; join the waitlist.",
https://www.venqore.com/subscribe,VenQore Newsletter — Product Launches & Retail Playbooks,67,0.022022902235025656,n/a,1,200,0.391,0,1,1,1,0,Canonical to other page,0,6,0,0,0,-,-,3,41,3,"get notified when new venqore capabilities launch (vensynq marketplace sync, smartcapture scan-to-invoice) plus practical playbooks for running a tighter retail operation.",
https://www.venqore.com/terms,Terms of Service — VenQore,67,0.022022902235025656,n/a,1,200,0.393,0,1,1,1,0,Canonical to other page,0,6,0,0,0,-,-,3,41,3,"the terms that govern your use of venqore, the offline-first pos and erp platform.",
https://www.venqore.com/vensynq,"VenSynQ — Sync Your POS Inventory with WooCommerce, Amazon, eBay & TikTok Shop",44,0.021207230710405773,n/a,1,200,0.423,0,1,1,1,0,Canonical to other page,0,5,13,0,0,-,-,3,41,3,"vensynq is venqore's multi-channel e-commerce sync engine: one inventory, one ledger, every marketplace. woocommerce sync is live; amazon, ebay and tiktok shop are coming soon — join the waitlist.",
